Model,Best Parameters,Train R2,Test R2,Train MSE,Test MSE,Train RMSE,Test RMSE,Train MAE,Test MAE,Train MAPE,Test MAPE
GradientBoosting,"{'learning_rate': 0.1, 'max_depth': 5, 'min_samples_leaf': 1, 'min_samples_split': 5, 'n_estimators': 200}",0.9999995153352728,0.9999733279483276,0.0018543395834300506,0.12261927352165337,0.04306204341911854,0.35017034928967555,0.031022479538915734,0.12672144648512793,0.5278889039901226,0.7489046054117412
XGBoost,"{'colsample_bytree': 1.0, 'learning_rate': 0.2, 'max_depth': 6, 'min_child_weight': 5, 'n_estimators': 50, 'subsample': 0.9}",0.9998834839310584,0.9991900990716115,0.44579344569870205,3.7233529944862003,0.6676776510403071,1.9295991797485301,0.2678897507783012,0.5890707637838473,2.6985526672392197,2.988903740514039
AdaBoost,"{'learning_rate': 0.1, 'loss': 'square', 'n_estimators': 50}",0.9953814981544754,0.9957584295523962,17.67050562540764,19.499748023296938,4.203630053347658,4.415851902328353,3.55431543309744,3.6945689278970173,141.25755105552528,146.83837298388676
CatBoost,"{'bagging_temperature': 0.0, 'border_count': 50, 'depth': 8, 'iterations': 200, 'l2_leaf_reg': 3, 'learning_rate': 0.05}",0.9967971905263611,0.9956684993352057,12.25403057398076,19.913183706273028,3.5005757489277047,4.462419041985303,1.5955364456819727,1.9744745541992024,11.85012643374748,12.774244163007115
LightGBM,"{'colsample_bytree': 0.8, 'lambda_l1': 0, 'lambda_l2': 0, 'learning_rate': 0.05, 'max_bin': 63, 'max_depth': 5, 'min_child_samples': 50, 'n_estimators': 50, 'num_leaves': 31, 'subsample': 0.8}",0.9725675175277906,0.9656473221048412,104.95737623528333,157.92937336677292,10.24487072809039,12.566995399329663,4.008766207859899,4.617786073020665,97.02286595853693,100.66252766920884
RandomForest,"{'bootstrap': True, 'max_depth': 30, 'min_samples_leaf': 1, 'min_samples_split': 2, 'n_estimators': 50}",0.9999846231648183,0.9999588430783404,0.058832162824187434,0.18921048505288493,0.24255342261899218,0.4349833158327856,0.05816864136620206,0.14067523904001616,0.13055949292091024,0.2853088209259209
