Model,Best Parameters,Train R2,Test R2,Train MSE,Test MSE,Train RMSE,Test RMSE,Train MAE,Test MAE,Train MAPE,Test MAPE
GradientBoosting,"{'learning_rate': 0.1, 'max_depth': 5, 'min_samples_leaf': 1, 'min_samples_split': 2, 'n_estimators': 100}",0.9999991278906707,0.9999737451109091,0.003336712493364289,0.12070145432630457,0.05776428389034429,0.34742114835787496,0.04128432245089157,0.1296862878833023,0.778411119124079,0.8996933894758274
XGBoost,"{'colsample_bytree': 1.0, 'learning_rate': 0.2, 'max_depth': 6, 'min_child_weight': 5, 'n_estimators': 50, 'subsample': 0.9}",0.9998834839310584,0.9991900990716115,0.44579344569870205,3.7233529944862003,0.6676776510403071,1.9295991797485301,0.2678897507783012,0.5890707637838473,2.6985526672392197,2.988903740514039
AdaBoost,"{'learning_rate': 0.1, 'loss': 'square', 'n_estimators': 50}",0.9950764702037299,0.995652838822212,18.83755032947719,19.985179694802607,4.3402246865199485,4.4704786874341105,3.6359308570452726,3.677936155505052,143.14572558230094,148.57965140933746
CatBoost,"{'bagging_temperature': 0.0, 'border_count': 50, 'depth': 8, 'iterations': 200, 'l2_leaf_reg': 3, 'learning_rate': 0.05}",0.9967971905263611,0.9956684993352057,12.25403057398076,19.913183706273028,3.5005757489277047,4.462419041985303,1.5955364456819727,1.9744745541992024,11.85012643374748,12.774244163007115
LightGBM,"{'colsample_bytree': 0.8, 'lambda_l1': 0, 'lambda_l2': 0, 'learning_rate': 0.05, 'max_bin': 63, 'max_depth': 5, 'min_child_samples': 50, 'n_estimators': 50, 'num_leaves': 31, 'subsample': 0.8}",0.9725675175277906,0.9656473221048412,104.95737623528333,157.92937336677292,10.24487072809039,12.566995399329663,4.008766207859899,4.617786073020665,97.02286595853693,100.66252766920884
RandomForest,"{'bootstrap': True, 'max_depth': None, 'min_samples_leaf': 1, 'min_samples_split': 2, 'n_estimators': 200}",0.9999863633175033,0.9999387762186321,0.05217429435547244,0.28146374661314605,0.2284169309737622,0.530531569855316,0.04950000794892034,0.138984922276546,0.11839548882429558,0.25958314902603374
